{"timestamp": 1743840651.56702, "data": {"historical_AAPL_1mo": "DataFrame:{\"Open\":{\"1741216586889\":303.0443611394,\"1741302986889\":306.8405782499,\"1741389386889\":312.8929073789,\"1741475786889\":313.6704832354,\"1741562186889\":314.8672095979,\"1741648586889\":317.4732694499,\"1741734986889\":317.6489649025,\"1741821386889\":316.5291620486,\"1741907786889\":318.931051046,\"1741994186889\":322.3653778783,\"1742080586889\":323.0929885779,\"1742166986889\":318.8604415601,\"1742253386889\":316.7823626496,\"1742339786889\":322.3217883996,\"1742426186889\":321.2708524588,\"1742512586889\":322.9179171104,\"1742598986889\":324.1417147016,\"1742685386889\":324.6886297894,\"1742771786889\":319.4156807907,\"1742858186889\":321.7342685371,\"1742944586889\":319.02627736,\"1743030986889\":320.3063526767,\"1743117386889\":320.9506745036,\"1743203786889\":320.202045091,\"1743290186889\":317.8593054522,\"1743376586889\":318.6576811923,\"1743462986889\":321.0616352815,\"1743549386889\":316.8548138159,\"1743635786889\":313.0441007181,\"1743722186889\":315.4432512075,\"1743808586889\":311.3198672283},\"High\":{\"1741216586889\":307.6331827846,\"1741302986889\":308.9752509046,\"1741389386889\":317.9060698088,\"1741475786889\":317.101591949,\"1741562186889\":317.1437345367,\"1741648586889\":321.0042632289,\"1741734986889\":321.3650739499,\"1741821386889\":318.6374310225,\"1741907786889\":324.0488577158,\"1741994186889\":324.4189012625,\"1742080586889\":327.6884336991,\"1742166986889\":322.6007401328,\"1742253386889\":320.883358502,\"1742339786889\":325.6980302366,\"1742426186889\":327.093121353,\"1742512586889\":326.6783429804,\"1742598986889\":329.9263914923,\"1742685386889\":326.0372033403,\"1742771786889\":323.4866188821,\"1742858186889\":325.4105804121,\"1742944586889\":320.1927148746,\"1743030986889\":326.2177135239,\"1743117386889\":325.5117084357,\"1743203786889\":322.6628030746,\"1743290186889\":320.4588088087,\"1743376586889\":321.7937254662,\"1743462986889\":321.2845526218,\"1743549386889\":321.6182967035,\"1743635786889\":319.0249035121,\"1743722186889\":317.0718205873,\"1743808586889\":315.8710101442},\"Low\":{\"1741216586889\":297.5424385851,\"1741302986889\":301.8913478335,\"1741389386889\":312.6991554029,\"1741475786889\":309.6721870898,\"1741562186889\":310.2299188071,\"1741648586889\":315.8803128882,\"1741734986889\":312.1517891713,\"1741821386889\":314.1846029894,\"1741907786889\":318.7921850968,\"1741994186889\":318.7873598775,\"1742080586889\":318.6898546502,\"1742166986889\":314.1148454472,\"1742253386889\":313.9104222628,\"1742339786889\":317.100863808,\"1742426186889\":318.6192937508,\"1742512586889\":317.4994915251,\"1742598986889\":322.0060771207,\"1742685386889\":322.8320954355,\"1742771786889\":315.2495537934,\"1742858186889\":319.9625441014,\"1742944586889\":317.1169695064,\"1743030986889\":314.4029130614,\"1743117386889\":317.5002776345,\"1743203786889\":316.6627245314,\"1743290186889\":316.3744711116,\"1743376586889\":313.1657926938,\"1743462986889\":317.0518216337,\"1743549386889\":313.7260744377,\"1743635786889\":308.0325677502,\"1743722186889\":314.9737936455,\"1743808586889\":305.4414217069},\"Close\":{\"1741216586889\":303.0443611394,\"1741302986889\":306.8405782499,\"1741389386889\":312.8929073789,\"1741475786889\":313.6704832354,\"1741562186889\":314.8672095979,\"1741648586889\":317.4732694499,\"1741734986889\":317.6489649025,\"1741821386889\":316.5291620486,\"1741907786889\":318.931051046,\"1741994186889\":322.3653778783,\"1742080586889\":323.0929885779,\"1742166986889\":318.8604415601,\"1742253386889\":316.7823626496,\"1742339786889\":322.3217883996,\"1742426186889\":321.2708524588,\"1742512586889\":322.9179171104,\"1742598986889\":324.1417147016,\"1742685386889\":324.6886297894,\"1742771786889\":319.4156807907,\"1742858186889\":321.7342685371,\"1742944586889\":319.02627736,\"1743030986889\":320.3063526767,\"1743117386889\":320.9506745036,\"1743203786889\":320.202045091,\"1743290186889\":317.8593054522,\"1743376586889\":318.6576811923,\"1743462986889\":321.0616352815,\"1743549386889\":316.8548138159,\"1743635786889\":313.0441007181,\"1743722186889\":315.4432512075,\"1743808586889\":311.3198672283},\"Volume\":{\"1741216586889\":3261295,\"1741302986889\":9285307,\"1741389386889\":9661691,\"1741475786889\":3081541,\"1741562186889\":3533857,\"1741648586889\":3230738,\"1741734986889\":8094331,\"1741821386889\":438649,\"1741907786889\":5902948,\"1741994186889\":377035,\"1742080586889\":4846205,\"1742166986889\":5266144,\"1742253386889\":5396986,\"1742339786889\":1846976,\"1742426186889\":1759415,\"1742512586889\":1065476,\"1742598986889\":1440914,\"1742685386889\":693412,\"1742771786889\":8152046,\"1742858186889\":6701744,\"1742944586889\":6781401,\"1743030986889\":8802956,\"1743117386889\":2787085,\"1743203786889\":6741565,\"1743290186889\":418672,\"1743376586889\":6423241,\"1743462986889\":1544219,\"1743549386889\":5527816,\"1743635786889\":6766525,\"1743722186889\":2741796,\"1743808586889\":1182014}}", "historical_BTC-USD_1mo": {"timestamp": 1743840651.56702,