{"timestamp": 1744345716.397028, "data": {"inflation_proxy": 0.0, "gold_sp500_ratio": {"current_ratio": 0.5573029787244935, "ratio_change": 0.30750275920299197}, "vix": {"current": 40.720001220703125, "average": 26.43625020980835, "state": "high"}}}